{"cameraMode":{"drawMode":0,"name":"Shaded","section":"Shading Mode"},"sceneLighting":true,"audioPlay":false,"sceneViewState":{"m_AlwaysRefresh":false,"showFog":true,"showSkybox":true,"showFlares":true,"showImageEffects":true,"showParticleSystems":true,"showVisualEffectGraphs":true,"m_FxEnabled":true},"in2DMode":false,"pivot":{"x":-0.7333971261978149,"y":-0.9727112650871277,"z":-0.4688008427619934},"rotation":{"x":0.14254653453826905,"y":-0.8477503657341003,"z":0.2849980592727661,"w":0.4240303337574005},"size":3.3847734928131105,"orthographic":false}